Sample,,,,,,S1P d16:1 Results,,,S1P d17:1 Results,,,S1P d18:0 Results,,,S1P d18:1 Results,,,S1P d18:1 13C2D2 (IS) Results,,,S1P d18:2 Results,,,S1P d19:1 Results,,,S1P d20:1 Results,,
,,Name,Data File,Sample Group,Acq. Date-Time,Area,RT,FWHM,Area,RT,FWHM,Area,RT,FWHM,Area,RT,FWHM,Area,RT,FWHM,Area,RT,FWHM,Area,RT,FWHM,Area,RT,FWHM
,,001_EQC_TQC prerun 01,001_EQC_TQC prerun 01.d,Calibration,19/4/2018 17:46,5759,3.471,0.057,4470,3.437,0.056,16035,3.393,0.059,135890,3.41,0.055,38791,3.408,0.056,20921,3.436,0.055,3237,3.382,0.057,863,3.348,0.06
,,002_EQC_TQC prerun 02,002_EQC_TQC prerun 02.d,Calibration,19/4/2018 17:56,6308,3.463,0.055,4472,3.429,0.056,17410,3.384,0.059,135399,3.402,0.055,39307,3.4,0.056,21184,3.428,0.056,2794,3.366,0.057,683,3.34,0.121
,,003_EQC_TQC prerun 03,003_EQC_TQC prerun 03.d,Calibration,19/4/2018 18:07,5637,3.463,0.055,4551,3.429,0.057,15379,3.384,0.061,149302,3.402,0.054,37571,3.4,0.056,21379,3.436,0.056,3035,3.374,0.057,889,3.34,0.06
,,004_EQC_TQC prerun 04,004_EQC_TQC prerun 04.d,Calibration,19/4/2018 18:17,5780,3.463,0.056,4613,3.429,0.056,16219,3.384,0.06,139027,3.402,0.055,39008,3.4,0.056,22510,3.436,0.056,3045,3.374,0.055,833,3.34,0.032
,,005_EQC_TQC prerun 05,005_EQC_TQC prerun 05.d,Calibration,19/4/2018 18:27,6697,3.463,0.054,4276,3.429,0.057,17599,3.384,0.06,139084,3.402,0.055,37881,3.4,0.056,21085,3.436,0.055,3026,3.374,0.057,45,3.24,0.048
!,!,006_EBLK_Extracted Blank+ISTD01,006_EBLK_Extracted Blank+ISTD01.d,BlankExIS,19/4/2018 18:37,33,3.397,0.037,27,3.362,0.035,,,,66,3.36,0.052,43545,3.4,0.054,42,3.37,0.058,98,3.349,0.094,23,3.365,0.028
!,!,007_SOLV_Blank01,007_SOLV_Blank01.d,Blank,19/4/2018 18:48,29,3.471,0.061,22,3.437,0.056,60,3.301,0.075,18,3.468,0.021,24,3.45,0.027,49,3.453,0.075,41,3.349,0.048,3,3.381,0.019
!,!,008_LTR_LTR01,008_LTR_LTR01.d,LTR,19/4/2018 18:58,11181,3.463,0.05,2760,3.429,0.056,9919,3.384,0.059,85299,3.402,0.055,56121,3.4,0.055,31526,3.436,0.056,1638,3.374,0.058,206,3.34,0.077
!,!,009_NIST_NIST01,009_NIST_NIST01.d,NIST,19/4/2018 19:08,10625,3.463,0.055,2068,3.429,0.059,11335,3.384,0.059,71386,3.402,0.056,41586,3.4,0.055,21654,3.436,0.056,1739,3.374,0.058,141,3.348,0.116
!,!,010_TQCd-0_TQC-0percent,010_TQCd-0_TQC-0percent.d,Dilution,19/4/2018 19:18,52,3.562,0.065,43,3.412,0.049,34,3.442,0.042,4,3.452,0.017,110,3.425,0.064,46,3.436,0.053,14,3.291,0.049,9,3.315,0.058
!,!,011_TQCd-20_TQC-20percent,011_TQCd-20_TQC-20percent.d,Dilution,19/4/2018 19:29,2014,3.463,0.062,1284,3.429,0.059,4945,3.384,0.06,40701,3.402,0.054,11419,3.4,0.056,5691,3.428,0.056,914,3.374,0.049,213,3.348,0.108
,,012_TQCd-40_TQC-40percent,012_TQCd-40_TQC-40percent.d,Dilution,19/4/2018 19:39,3313,3.471,0.054,2205,3.437,0.056,8639,3.384,0.061,67842,3.402,0.055,20436,3.4,0.055,10063,3.436,0.056,1542,3.374,0.055,310,3.348,0.055
,,013_TQCd-60_TQC-60percent,013_TQCd-60_TQC-60percent.d,Dilution,19/4/2018 19:49,5044,3.463,0.055,3287,3.429,0.057,12032,3.384,0.06,104427,3.402,0.055,29285,3.4,0.055,15580,3.436,0.056,2239,3.374,0.057,611,3.34,0.039
,,014_TQCd-80_TQC-80percent,014_TQCd-80_TQC-80percent.d,Dilution,19/4/2018 19:59,5768,3.463,0.055,4089,3.429,0.057,16535,3.384,0.06,125274,3.402,0.055,34586,3.4,0.056,20410,3.436,0.056,3069,3.374,0.057,610,3.34,0.108
,,015_TQCd-100_TQC-100percent,015_TQCd-100_TQC-100percent.d,Dilution,19/4/2018 20:09,6892,3.463,0.055,4562,3.437,0.057,19101,3.384,0.06,159280,3.402,0.055,42634,3.4,0.056,23401,3.436,0.056,3430,3.374,0.058,848,3.348,0.036
,,016_TQC_TQC01,016_TQC_TQC01.d,TQC,19/4/2018 20:20,6383,3.463,0.055,4807,3.429,0.057,19163,3.384,0.059,144713,3.402,0.055,43070,3.4,0.055,24156,3.428,0.056,3487,3.374,0.057,988,3.34,0.039
,,017_TQC_TQC02,017_TQC_TQC02.d,TQC,19/4/2018 20:30,6628,3.463,0.055,4705,3.429,0.056,17115,3.384,0.06,154497,3.402,0.055,44076,3.4,0.056,23079,3.436,0.056,3158,3.374,0.058,745,3.34,0.067
,,018_BQC_PQC01,018_BQC_PQC01.d,BQC,19/4/2018 20:40,6672,3.463,0.054,4791,3.429,0.056,18136,3.384,0.06,153694,3.402,0.055,42636,3.4,0.056,24275,3.436,0.055,3162,3.374,0.057,905,3.34,0.054
,,019_BQC_PQC02,019_BQC_PQC02.d,BQC,19/4/2018 20:50,5983,3.463,0.048,4166,3.437,0.057,18175,3.384,0.059,145516,3.402,0.055,41431,3.408,0.056,22445,3.436,0.056,3228,3.374,0.057,929,3.348,0.05
,,020_SPL_S001,020_SPL_S001.d,Sample,19/4/2018 21:01,6730,3.463,0.055,3901,3.429,0.057,7879,3.384,0.061,88725,3.402,0.055,39456,3.4,0.055,15416,3.428,0.056,1948,3.366,0.059,457,3.34,0.116
!,!,021_SPL_S002,021_SPL_S002.d,Sample,19/4/2018 21:11,5789,3.463,0.055,3975,3.429,0.057,18221,3.384,0.06,149176,3.402,0.055,38985,3.4,0.056,18555,3.436,0.056,3175,3.374,0.057,1518,3.348,0.052
!,!,022_SPL_S003,022_SPL_S003.d,Sample,19/4/2018 21:21,4473,3.463,0.055,3590,3.429,0.056,18699,3.384,0.059,149991,3.402,0.055,41223,3.4,0.056,26038,3.436,0.055,3026,3.374,0.057,739,3.34,0.028
,,023_SPL_S004,023_SPL_S004.d,Sample,19/4/2018 21:31,4181,3.463,0.055,4293,3.429,0.056,18677,3.384,0.058,116771,3.402,0.055,37022,3.4,0.055,24721,3.436,0.056,3086,3.366,0.059,807,3.34,0.052
,,024_SPL_S005,024_SPL_S005.d,Sample,19/4/2018 21:42,6954,3.463,0.055,6193,3.429,0.056,40389,3.384,0.06,298046,3.402,0.055,40474,3.4,0.056,28744,3.436,0.056,7625,3.374,0.057,2153,3.348,0.055
,,025_SPL_S006,025_SPL_S006.d,Sample,19/4/2018 21:52,6770,3.463,0.055,5108,3.437,0.056,31303,3.384,0.06,236194,3.402,0.055,45721,3.408,0.056,23152,3.436,0.056,5542,3.374,0.057,1702,3.348,0.06
,,026_SPL_S007,026_SPL_S007.d,Sample,19/4/2018 22:02,4560,3.463,0.055,3346,3.429,0.058,17558,3.376,0.059,127091,3.402,0.055,42581,3.4,0.055,21353,3.428,0.056,2741,3.366,0.057,822,3.34,0.06
,,027_SPL_S008,027_SPL_S008.d,Sample,19/4/2018 22:12,4067,3.463,0.055,2451,3.429,0.057,20495,3.384,0.058,115956,3.402,0.055,42226,3.4,0.055,16977,3.436,0.056,2510,3.374,0.058,847,3.348,0.057
,,028_BQC_PQC03,028_BQC_PQC03.d,BQC,19/4/2018 22:23,5930,3.463,0.055,4701,3.429,0.054,17951,3.384,0.06,153995,3.402,0.055,41569,3.4,0.056,23221,3.436,0.056,3330,3.374,0.058,973,3.34,0.057
,,029_SPL_S009,029_SPL_S009.d,Sample,19/4/2018 22:33,4806,3.463,0.054,3606,3.429,0.057,25893,3.384,0.059,197434,3.402,0.055,41653,3.4,0.056,23353,3.436,0.056,3989,3.374,0.057,1246,3.34,0.059
,,030_SPL_S010,030_SPL_S010.d,Sample,19/4/2018 22:43,4497,3.463,0.054,3221,3.429,0.058,22950,3.384,0.06,211352,3.402,0.055,44461,3.4,0.055,25472,3.436,0.056,4304,3.374,0.058,1354,3.34,0.059
!,!,031_SPL_S011,031_SPL_S011.d,Sample,19/4/2018 22:54,3456,3.463,0.056,3281,3.429,0.057,5548,3.384,0.061,52682,3.402,0.055,37239,3.4,0.056,15383,3.436,0.055,1198,3.374,0.059,256,3.348,0.036
,,032_SPL_S012,032_SPL_S012.d,Sample,19/4/2018 23:04,4219,3.463,0.055,4979,3.429,0.056,16447,3.384,0.06,141481,3.402,0.055,40695,3.4,0.055,17944,3.428,0.056,3491,3.374,0.058,736,3.34,0.051
,,033_SPL_S013,033_SPL_S013.d,Sample,19/4/2018 23:14,6190,3.463,0.054,4984,3.429,0.057,35159,3.384,0.06,220025,3.402,0.055,40455,3.4,0.056,25956,3.436,0.056,4448,3.374,0.057,1129,3.348,0.055
!,!,034_SPL_S014,034_SPL_S014.d,Sample,19/4/2018 23:24,8560,3.463,0.055,5646,3.429,0.056,21878,3.384,0.06,175313,3.402,0.055,42078,3.4,0.056,27468,3.436,0.056,3406,3.366,0.057,680,3.34,0.116
,,035_SPL_S015,035_SPL_S015.d,Sample,19/4/2018 23:35,6366,3.463,0.055,4751,3.429,0.057,18480,3.376,0.059,129794,3.402,0.055,36775,3.4,0.055,23052,3.428,0.055,2983,3.374,0.057,747,3.34,0.116
,,036_SPL_S016,036_SPL_S016.d,Sample,19/4/2018 23:45,10685,3.463,0.055,6249,3.429,0.056,27867,3.384,0.059,176068,3.402,0.055,39155,3.4,0.056,26236,3.436,0.056,4814,3.374,0.057,1317,3.34,0.043
,,037_BQC_PQC04,037_BQC_PQC04.d,BQC,19/4/2018 23:55,6716,3.463,0.052,4503,3.429,0.055,18097,3.384,0.06,137282,3.402,0.055,41460,3.4,0.055,23679,3.436,0.056,3255,3.374,0.058,963,3.348,0.057
,,038_TQC_TQC03,038_TQC_TQC03.d,TQC,20/4/2018 0:05,7073,3.463,0.056,4884,3.437,0.057,18877,3.384,0.059,161427,3.402,0.055,42394,3.4,0.056,24601,3.436,0.056,3687,3.374,0.057,986,3.34,0.043
,,039_SPL_S017,039_SPL_S017.d,Sample,20/4/2018 0:16,15219,3.463,0.054,8503,3.429,0.056,24182,3.384,0.06,184830,3.402,0.055,44722,3.4,0.056,32768,3.436,0.055,4798,3.374,0.058,1058,3.34,0.056
,,040_SPL_S018,040_SPL_S018.d,Sample,20/4/2018 0:26,14389,3.463,0.055,8856,3.429,0.056,26641,3.384,0.059,197016,3.402,0.055,41673,3.4,0.056,30675,3.436,0.055,5399,3.374,0.058,1159,3.348,0.043
,,041_SPL_S019,041_SPL_S019.d,Sample,20/4/2018 0:36,9827,3.463,0.055,5047,3.429,0.057,19733,3.384,0.061,172427,3.402,0.055,37505,3.4,0.056,33093,3.436,0.056,3213,3.374,0.059,873,3.34,0.057
,,042_SPL_S020,042_SPL_S020.d,Sample,20/4/2018 0:46,4207,3.463,0.06,3333,3.429,0.057,13100,3.384,0.06,107165,3.402,0.055,36137,3.4,0.056,18564,3.436,0.056,1993,3.374,0.06,620,3.34,0.065
!,!,043_SPL_S021,043_SPL_S021.d,Sample,20/4/2018 0:57,5283,3.463,0.055,5102,3.429,0.056,20713,3.384,0.06,203324,3.402,0.055,40168,3.4,0.056,24364,3.436,0.056,3652,3.374,0.057,1113,3.34,0.071
,,044_SPL_S022,044_SPL_S022.d,Sample,20/4/2018 1:07,4082,3.463,0.055,4159,3.437,0.056,21527,3.384,0.06,181173,3.402,0.055,41188,3.408,0.056,21286,3.436,0.056,3934,3.374,0.058,1273,3.348,0.03
!,!,045_SPL_S023,045_SPL_S023.d,Sample,20/4/2018 1:17,1870,3.463,0.055,2008,3.429,0.058,7675,3.376,0.06,49544,3.402,0.055,37413,3.4,0.055,12819,3.428,0.056,1654,3.357,0.067,223,3.34,0.108
,,046_SPL_S024,046_SPL_S024.d,Sample,20/4/2018 1:27,4303,3.463,0.054,3310,3.429,0.057,18873,3.384,0.058,124055,3.402,0.055,42480,3.4,0.055,18746,3.436,0.056,2688,3.374,0.057,895,3.34,0.056
,,047_BQC_PQC05,047_BQC_PQC05.d,BQC,20/4/2018 1:38,6397,3.463,0.055,4551,3.429,0.056,18496,3.384,0.06,145073,3.402,0.055,40488,3.4,0.056,21648,3.436,0.056,2944,3.374,0.059,971,3.34,0.058
,,048_SPL_S025,048_SPL_S025.d,Sample,20/4/2018 1:48,1689,3.463,0.057,1602,3.429,0.058,13385,3.384,0.06,106262,3.402,0.055,43195,3.4,0.055,13237,3.436,0.056,2270,3.366,0.06,686,3.348,0.08
,,049_SPL_S026,049_SPL_S026.d,Sample,20/4/2018 1:58,3867,3.463,0.054,3027,3.429,0.057,14397,3.384,0.06,114228,3.402,0.055,37182,3.4,0.056,18489,3.436,0.055,2492,3.374,0.058,965,3.34,0.046
!,!,050_SPL_S027,050_SPL_S027.d,Sample,20/4/2018 2:09,3096,3.463,0.056,1893,3.429,0.057,15042,3.384,0.06,140098,3.402,0.055,41022,3.4,0.055,16881,3.436,0.057,2970,3.374,0.058,1068,3.34,0.056
!,!,051_SPL_S028,051_SPL_S028.d,Sample,20/4/2018 2:19,7118,3.463,0.055,4247,3.429,0.057,7006,3.384,0.061,55338,3.402,0.055,42743,3.4,0.056,14878,3.436,0.056,1222,3.374,0.058,295,3.34,0.116
,,052_SPL_S029,052_SPL_S029.d,Sample,20/4/2018 2:29,14530,3.463,0.054,7932,3.429,0.056,25144,3.384,0.06,207611,3.402,0.055,47330,3.4,0.056,29097,3.436,0.056,3636,3.374,0.057,686,3.34,0.062
,,053_SPL_S030,053_SPL_S030.d,Sample,20/4/2018 2:39,15224,3.463,0.055,10311,3.429,0.056,25149,3.384,0.06,198929,3.402,0.055,43688,3.4,0.056,31751,3.436,0.056,3919,3.374,0.057,1047,3.34,0.069
,,054_SPL_S031,054_SPL_S031.d,Sample,20/4/2018 2:50,12705,3.463,0.054,7417,3.429,0.057,31343,3.384,0.061,373376,3.402,0.055,41092,3.4,0.056,37174,3.436,0.056,6251,3.374,0.057,2408,3.348,0.057
!,!,055_SPL_S032,055_SPL_S032.d,Sample,20/4/2018 3:00,2232,3.463,0.055,1923,3.437,0.058,13267,3.384,0.059,81409,3.402,0.055,41426,3.4,0.055,14032,3.436,0.056,2015,3.374,0.06,602,3.348,0.047
,,056_BQC_PQC06,056_BQC_PQC06.d,BQC,20/4/2018 3:10,6327,3.463,0.055,4404,3.429,0.056,17837,3.384,0.058,147550,3.402,0.055,40949,3.4,0.056,22614,3.436,0.056,2780,3.374,0.058,799,3.34,0.116
,,057_TQC_TQC04,057_TQC_TQC04.d,TQC,20/4/2018 3:20,7322,3.463,0.055,4941,3.429,0.056,18369,3.384,0.06,161718,3.402,0.055,45380,3.4,0.056,25698,3.436,0.056,3507,3.374,0.058,792,3.34,0.042
,,058_SPL_S033,058_SPL_S033.d,Sample,20/4/2018 3:31,6381,3.463,0.055,5806,3.429,0.057,17300,3.384,0.06,161637,3.402,0.055,45628,3.4,0.056,27410,3.436,0.056,3470,3.374,0.057,786,3.348,0.065
,,059_SPL_S034,059_SPL_S034.d,Sample,20/4/2018 3:41,4893,3.463,0.055,4200,3.429,0.057,14976,3.384,0.06,129046,3.402,0.055,41218,3.4,0.055,20587,3.436,0.056,2548,3.374,0.058,679,3.348,0.056
,,060_SPL_S035,060_SPL_S035.d,Sample,20/4/2018 3:51,6196,3.463,0.055,5626,3.437,0.056,21551,3.384,0.059,171354,3.402,0.055,45660,3.408,0.056,26238,3.436,0.056,3154,3.374,0.058,901,3.34,0.059
,,061_SPL_S036,061_SPL_S036.d,Sample,20/4/2018 4:01,6423,3.463,0.054,4971,3.429,0.056,16006,3.384,0.061,157480,3.402,0.055,40913,3.4,0.056,29653,3.428,0.056,3487,3.374,0.058,708,3.348,0.048
,,062_SPL_S037,062_SPL_S037.d,Sample,20/4/2018 4:12,6464,3.463,0.058,8793,3.429,0.056,22220,3.384,0.059,199023,3.402,0.055,43590,3.4,0.056,25281,3.436,0.055,4611,3.374,0.057,1357,3.348,0.054
,,063_SPL_S038,063_SPL_S038.d,Sample,20/4/2018 4:22,10144,3.463,0.055,5292,3.429,0.056,8312,3.384,0.059,91945,3.402,0.055,54677,3.4,0.055,24895,3.436,0.056,1640,3.374,0.058,317,3.331,0.059
,,064_SPL_S039,064_SPL_S039.d,Sample,20/4/2018 4:32,12231,3.463,0.054,6487,3.429,0.056,13783,3.384,0.06,153955,3.402,0.055,43400,3.4,0.056,33444,3.436,0.056,2790,3.374,0.059,634,3.34,0.044
,,065_SPL_S040,065_SPL_S040.d,Sample,20/4/2018 4:42,12409,3.463,0.055,7200,3.429,0.056,16579,3.384,0.06,169685,3.402,0.055,40739,3.4,0.056,31715,3.436,0.056,3572,3.374,0.058,795,3.348,0.064
,,066_BQC_PQC07,066_BQC_PQC07.d,BQC,20/4/2018 4:53,6153,3.463,0.055,4885,3.429,0.056,18915,3.384,0.059,134133,3.402,0.055,42307,3.4,0.055,22490,3.436,0.056,3215,3.374,0.056,824,3.34,0.039
,,067_SPL_S041,067_SPL_S041.d,Sample,20/4/2018 5:03,9819,3.463,0.055,6503,3.429,0.056,13810,3.384,0.06,146541,3.402,0.055,41430,3.4,0.056,31648,3.436,0.056,2977,3.374,0.059,710,3.34,0.061
!,!,068_SPL_S042,068_SPL_S042.d,Sample,20/4/2018 5:13,5125,3.463,0.055,3889,3.429,0.056,11542,3.384,0.061,99983,3.402,0.055,42795,3.4,0.056,17212,3.436,0.055,1857,3.374,0.058,467,3.348,0.039
,,069_SPL_S043,069_SPL_S043.d,Sample,20/4/2018 5:23,4195,3.463,0.055,3140,3.437,0.057,20949,3.384,0.059,171494,3.402,0.055,42616,3.4,0.056,18396,3.436,0.056,3358,3.374,0.057,877,3.348,0.124
,,070_SPL_S044,070_SPL_S044.d,Sample,20/4/2018 5:34,4939,3.463,0.055,4815,3.429,0.056,23738,3.384,0.059,198650,3.402,0.055,45733,3.4,0.056,23922,3.436,0.056,4197,3.374,0.057,1027,3.34,0.04
,,071_SPL_S045,071_SPL_S045.d,Sample,20/4/2018 5:44,4279,3.463,0.055,3931,3.429,0.056,16298,3.384,0.059,106123,3.402,0.055,40052,3.4,0.056,18554,3.436,0.057,2313,3.374,0.058,733,3.34,0.059
,,072_SPL_S046,072_SPL_S046.d,Sample,20/4/2018 5:54,8508,3.463,0.055,6728,3.429,0.057,19737,3.384,0.06,177408,3.402,0.055,44610,3.4,0.056,41944,3.436,0.056,3454,3.374,0.057,831,3.34,0.06
,,073_SPL_S047,073_SPL_S047.d,Sample,20/4/2018 6:04,3724,3.463,0.054,3605,3.429,0.057,20811,3.384,0.06,159231,3.402,0.055,43831,3.4,0.056,30140,3.436,0.055,3166,3.366,0.057,1050,3.34,0.062
,,074_SPL_S048,074_SPL_S048.d,Sample,20/4/2018 6:15,2865,3.463,0.055,3843,3.429,0.057,18828,3.376,0.06,133618,3.402,0.056,42330,3.4,0.056,17790,3.428,0.055,3171,3.374,0.058,1399,3.34,0.056
,,075_BQC_PQC08,075_BQC_PQC08.d,BQC,20/4/2018 6:25,6779,3.463,0.054,4580,3.429,0.056,17043,3.384,0.061,143347,3.402,0.055,39146,3.4,0.056,22859,3.428,0.056,3284,3.374,0.057,926,3.34,0.058
,,076_TQC_TQC05,076_TQC_TQC05.d,TQC,20/4/2018 6:35,6324,3.463,0.055,5507,3.437,0.057,20707,3.384,0.061,163471,3.402,0.055,45456,3.4,0.056,25076,3.436,0.056,3600,3.374,0.057,978,3.34,0.051
,,077_SPL_S049,077_SPL_S049.d,Sample,20/4/2018 6:45,6167,3.463,0.055,3791,3.437,0.053,19087,3.384,0.059,140859,3.402,0.055,40348,3.4,0.055,20619,3.436,0.056,2813,3.374,0.058,776,3.34,0.026
!,!,078_SPL_S050,078_SPL_S050.d,Sample,20/4/2018 6:56,7404,3.463,0.055,3648,3.429,0.057,11670,3.384,0.06,105264,3.402,0.055,41405,3.4,0.055,21039,3.436,0.056,2707,3.374,0.058,761,3.34,0.058
,,079_SPL_S051,079_SPL_S051.d,Sample,20/4/2018 7:06,5763,3.463,0.055,3798,3.437,0.057,20485,3.384,0.06,188268,3.402,0.055,47020,3.408,0.056,31176,3.436,0.056,3887,3.374,0.05,1172,3.348,0.058
!,!,080_SPL_S052,080_SPL_S052.d,Sample,20/4/2018 7:16,9220,3.463,0.057,12798,3.429,0.056,10518,3.384,0.062,108073,3.402,0.056,39950,3.4,0.055,31012,3.436,0.056,3559,3.374,0.057,564,3.34,0.033
,,081_SPL_S053,081_SPL_S053.d,Sample,20/4/2018 7:26,7445,3.463,0.055,5376,3.429,0.057,17371,3.384,0.061,178664,3.402,0.055,41259,3.4,0.056,24485,3.436,0.056,4718,3.374,0.058,982,3.348,0.133
,,082_SPL_S054,082_SPL_S054.d,Sample,20/4/2018 7:37,8458,3.463,0.056,5948,3.429,0.056,20579,3.384,0.059,213135,3.402,0.055,41238,3.4,0.056,27997,3.436,0.056,5321,3.374,0.057,1144,3.348,0.059
,,083_SPL_S055,083_SPL_S055.d,Sample,20/4/2018 7:47,7280,3.463,0.055,6056,3.429,0.057,22446,3.376,0.059,144892,3.402,0.055,37450,3.4,0.056,21522,3.436,0.056,3465,3.374,0.055,976,3.34,0.046
,,084_SPL_S056,084_SPL_S056.d,Sample,20/4/2018 7:57,4011,3.463,0.056,3976,3.429,0.057,28646,3.376,0.057,140617,3.402,0.055,40915,3.4,0.056,19005,3.436,0.056,3058,3.374,0.059,1364,3.34,0.057
,,085_BQC_PQC09,085_BQC_PQC09.d,BQC,20/4/2018 8:07,5988,3.463,0.054,4592,3.429,0.053,17665,3.384,0.06,150195,3.402,0.055,41186,3.4,0.055,23303,3.436,0.055,3236,3.366,0.056,919,3.34,0.049
,,086_SPL_S057,086_SPL_S057.d,Sample,20/4/2018 8:18,6845,3.463,0.056,5529,3.429,0.056,19332,3.384,0.061,180178,3.402,0.055,39000,3.4,0.056,25407,3.436,0.056,3995,3.374,0.057,1059,3.34,0.048
,,087_SPL_S058,087_SPL_S058.d,Sample,20/4/2018 8:28,8500,3.463,0.053,7807,3.429,0.056,28736,3.384,0.06,243876,3.402,0.055,41298,3.4,0.056,30720,3.436,0.056,5900,3.374,0.057,1342,3.34,0.056
,,088_SPL_S059,088_SPL_S059.d,Sample,20/4/2018 8:38,7480,3.463,0.055,3636,3.429,0.057,7973,3.384,0.06,69910,3.402,0.055,39890,3.4,0.055,19659,3.436,0.056,1513,3.366,0.057,229,3.331,0.055
,,089_SPL_S060,089_SPL_S060.d,Sample,20/4/2018 8:48,7090,3.463,0.055,4870,3.437,0.057,11421,3.384,0.06,105693,3.402,0.055,41149,3.4,0.055,24415,3.436,0.056,2143,3.374,0.057,463,3.34,0.059
,,090_SPL_S061,090_SPL_S061.d,Sample,20/4/2018 8:59,3225,3.463,0.054,2660,3.429,0.056,10955,3.384,0.06,105992,3.402,0.055,45247,3.4,0.056,17341,3.436,0.056,2812,3.374,0.058,657,3.34,0.057
,,091_SPL_S062,091_SPL_S062.d,Sample,20/4/2018 9:09,5153,3.463,0.054,3356,3.429,0.055,11857,3.384,0.061,125978,3.402,0.055,42434,3.4,0.055,18801,3.428,0.056,3259,3.366,0.059,764,3.34,0.062
,,092_SPL_S063,092_SPL_S063.d,Sample,20/4/2018 9:19,4693,3.463,0.055,2588,3.429,0.058,17911,3.384,0.058,116244,3.402,0.055,40473,3.4,0.055,21603,3.436,0.056,2166,3.374,0.058,691,3.34,0.059
!,!,093_SPL_S064,093_SPL_S064.d,Sample,20/4/2018 9:29,11353,3.463,0.055,6161,3.429,0.057,8117,3.384,0.062,73144,3.402,0.055,39074,3.4,0.056,28298,3.436,0.056,1788,3.366,0.058,253,3.34,0.07
,,094_BQC_PQC10,094_BQC_PQC10.d,BQC,20/4/2018 9:40,6549,3.463,0.052,4742,3.429,0.056,17363,3.384,0.059,142717,3.402,0.055,38601,3.4,0.056,22664,3.436,0.056,3336,3.374,0.058,885,3.348,0.04
,,095_TQC_TQC06,095_TQC_TQC06.d,TQC,20/4/2018 9:50,7082,3.463,0.06,5763,3.437,0.057,20614,3.384,0.06,159057,3.402,0.055,46711,3.4,0.056,25736,3.436,0.056,3407,3.374,0.057,948,3.348,0.054
,,096_SPL_S065,096_SPL_S065.d,Sample,20/4/2018 10:00,11229,3.463,0.055,5128,3.429,0.056,17821,3.384,0.059,153508,3.402,0.055,40280,3.4,0.056,33086,3.436,0.056,2752,3.374,0.056,740,3.34,0.065
,,097_SPL_S066,097_SPL_S066.d,Sample,20/4/2018 10:10,18705,3.463,0.055,7704,3.429,0.057,24264,3.384,0.06,182891,3.402,0.055,41795,3.4,0.055,32639,3.436,0.056,4036,3.366,0.057,618,3.34,0.054
,,098_SPL_S067,098_SPL_S067.d,Sample,20/4/2018 10:21,5321,3.463,0.055,4569,3.429,0.056,25445,3.376,0.059,157246,3.402,0.055,38989,3.4,0.056,25195,3.428,0.056,3219,3.366,0.056,1018,3.34,0.022
!,!,099_SPL_S068,099_SPL_S068.d,Sample,20/4/2018 10:31,4886,3.463,0.055,2640,3.429,0.057,20255,3.384,0.06,132692,3.402,0.055,40923,3.4,0.056,18511,3.436,0.057,3085,3.374,0.057,743,3.34,0.063
,,100_SPL_S069,100_SPL_S069.d,Sample,20/4/2018 10:41,3568,3.463,0.055,2537,3.429,0.057,20084,3.384,0.058,136097,3.402,0.055,42809,3.4,0.056,15914,3.436,0.054,3441,3.374,0.058,810,3.348,0.05
!,!,101_SPL_S070,101_SPL_S070.d,Sample,20/4/2018 10:51,11892,3.463,0.054,5980,3.429,0.056,15736,3.384,0.06,134704,3.402,0.055,37878,3.4,0.056,21998,3.436,0.056,3392,3.374,0.058,489,3.34,0.108
!,!,102_SPL_S071,102_SPL_S071.d,Sample,20/4/2018 11:02,4651,3.463,0.055,3025,3.429,0.057,7974,3.384,0.061,64404,3.402,0.055,39050,3.4,0.056,17325,3.436,0.056,1341,3.374,0.057,359,3.34,0.056
!,!,103_SPL_S072,103_SPL_S072.d,Sample,20/4/2018 11:12,1875,3.463,0.054,1799,3.429,0.058,13562,3.384,0.06,107269,3.402,0.055,37633,3.4,0.056,10311,3.436,0.056,2364,3.366,0.052,495,3.34,0.042
,,104_BQC_PQC11,104_BQC_PQC11.d,BQC,20/4/2018 11:22,6746,3.463,0.055,4486,3.429,0.056,19281,3.384,0.059,147506,3.402,0.055,41423,3.4,0.056,23920,3.436,0.056,2977,3.374,0.058,806,3.34,0.029
,,105_SPL_S073,105_SPL_S073.d,Sample,20/4/2018 11:33,3229,3.463,0.055,2809,3.429,0.057,18884,3.384,0.06,147392,3.402,0.055,46782,3.4,0.056,17308,3.436,0.056,2550,3.366,0.047,729,3.34,0.059
,,106_SPL_S074,106_SPL_S074.d,Sample,20/4/2018 11:43,6846,3.463,0.055,5396,3.429,0.055,17906,3.384,0.06,122582,3.402,0.055,45832,3.4,0.056,21675,3.436,0.056,2713,3.374,0.058,595,3.348,0.116
,,107_SPL_S075,107_SPL_S075.d,Sample,20/4/2018 11:53,4774,3.463,0.055,3674,3.429,0.058,30794,3.384,0.058,167693,3.402,0.055,45580,3.4,0.056,18772,3.436,0.056,3997,3.374,0.058,912,3.34,0.047
,,108_SPL_S076,108_SPL_S076.d,Sample,20/4/2018 12:03,5909,3.463,0.055,5333,3.429,0.057,19127,3.384,0.06,162247,3.402,0.055,46739,3.4,0.056,19760,3.436,0.056,4249,3.374,0.057,1014,3.34,0.058
,,109_SPL_S077,109_SPL_S077.d,Sample,20/4/2018 12:14,5843,3.463,0.055,4681,3.429,0.057,15988,3.384,0.06,129971,3.402,0.055,39954,3.4,0.056,17486,3.436,0.056,3114,3.374,0.058,920,3.34,0.057
,,110_SPL_S078,110_SPL_S078.d,Sample,20/4/2018 12:24,5726,3.463,0.055,5133,3.429,0.056,16278,3.384,0.06,128757,3.402,0.055,42391,3.4,0.056,18142,3.436,0.055,3159,3.374,0.058,994,3.34,0.06
!,!,111_SPL_S079,111_SPL_S079.d,Sample,20/4/2018 12:34,2812,3.463,0.053,2296,3.429,0.057,24379,3.384,0.059,151175,3.402,0.055,42935,3.4,0.056,19065,3.436,0.056,2945,3.374,0.054,915,3.348,0.05
,,112_SPL_S080,112_SPL_S080.d,Sample,20/4/2018 12:44,4597,3.463,0.055,3727,3.429,0.058,24389,3.384,0.059,148634,3.402,0.055,41151,3.4,0.055,20337,3.436,0.056,3285,3.374,0.059,971,3.34,0.124
,,113_BQC_PQC12,113_BQC_PQC12.d,BQC,20/4/2018 12:55,7206,3.463,0.052,4469,3.429,0.057,17147,3.384,0.06,155350,3.402,0.055,39456,3.4,0.056,22615,3.436,0.056,3295,3.374,0.058,923,3.34,0.055
,,114_TQC_TQC07,114_TQC_TQC07.d,TQC,20/4/2018 13:05,6830,3.463,0.055,5405,3.429,0.056,20455,3.384,0.06,171061,3.402,0.055,46731,3.4,0.056,25356,3.436,0.056,3240,3.374,0.058,921,3.348,0.047
,,115_SPL_S081,115_SPL_S081.d,Sample,20/4/2018 13:15,5687,3.463,0.055,5246,3.429,0.056,22265,3.384,0.059,146237,3.402,0.055,40304,3.4,0.056,16764,3.436,0.056,3864,3.374,0.058,822,3.34,0.042
,,116_SPL_S082,116_SPL_S082.d,Sample,20/4/2018 13:25,5792,3.463,0.051,5443,3.429,0.056,16509,3.384,0.06,158288,3.402,0.056,39402,3.4,0.056,32295,3.436,0.056,3856,3.374,0.058,1358,3.34,0.055
,,117_SPL_S083,117_SPL_S083.d,Sample,20/4/2018 13:36,3229,3.463,0.055,2754,3.429,0.057,15249,3.384,0.062,163379,3.402,0.055,41638,3.4,0.056,20081,3.428,0.056,3189,3.374,0.058,1415,3.34,0.063
!,!,118_SPL_S084,118_SPL_S084.d,Sample,20/4/2018 13:46,2707,3.455,0.055,3061,3.429,0.056,12078,3.384,0.061,134252,3.402,0.055,42973,3.4,0.055,18963,3.428,0.055,2910,3.366,0.057,842,3.34,0.051
,,119_SPL_S085,119_SPL_S085.d,Sample,20/4/2018 13:56,7707,3.463,0.055,7478,3.429,0.056,15814,3.384,0.06,139660,3.402,0.055,38242,3.4,0.056,24437,3.436,0.056,3104,3.374,0.058,809,3.34,0.032
,,120_SPL_S086,120_SPL_S086.d,Sample,20/4/2018 14:06,5830,3.463,0.055,4962,3.429,0.056,20815,3.376,0.06,199706,3.394,0.055,41478,3.4,0.056,24334,3.428,0.056,3726,3.366,0.058,1189,3.34,0.058
,,121_SPL_S087,121_SPL_S087.d,Sample,20/4/2018 14:17,2753,3.463,0.055,3442,3.429,0.057,16282,3.384,0.06,175021,3.402,0.055,45752,3.4,0.055,19470,3.428,0.056,3350,3.366,0.058,1328,3.34,0.057
,,122_SPL_S088,122_SPL_S088.d,Sample,20/4/2018 14:27,2572,3.463,0.054,2636,3.429,0.057,11849,3.384,0.06,115668,3.402,0.055,40546,3.4,0.056,14364,3.436,0.056,2623,3.374,0.058,965,3.34,0.059
,,123_BQC_PQC13,123_BQC_PQC13.d,BQC,20/4/2018 14:37,6891,3.463,0.055,4873,3.437,0.057,20503,3.384,0.059,160297,3.402,0.055,43663,3.4,0.056,25241,3.436,0.056,3209,3.374,0.058,936,3.348,0.056
,,124_SPL_S089,124_SPL_S089.d,Sample,20/4/2018 14:48,5946,3.463,0.049,3484,3.437,0.057,6716,3.384,0.061,67129,3.402,0.055,43496,3.4,0.055,11437,3.436,0.056,1137,3.374,0.056,320,3.34,0.061
,,125_SPL_S090,125_SPL_S090.d,Sample,20/4/2018 14:58,7572,3.463,0.055,4246,3.429,0.056,15447,3.384,0.059,120198,3.402,0.055,44160,3.4,0.055,22608,3.436,0.055,2255,3.374,0.06,528,3.34,0.063
,,126_SPL_S091,126_SPL_S091.d,Sample,20/4/2018 15:08,6740,3.463,0.055,3587,3.437,0.056,19537,3.384,0.059,145412,3.402,0.055,44918,3.4,0.055,19424,3.436,0.057,2704,3.374,0.058,609,3.34,0.069
,,127_SPL_S092,127_SPL_S092.d,Sample,20/4/2018 15:18,5909,3.463,0.055,4258,3.429,0.057,17023,3.384,0.06,141965,3.402,0.055,37382,3.4,0.056,25589,3.436,0.056,2943,3.374,0.058,681,3.34,0.042
,,128_SPL_S093,128_SPL_S093.d,Sample,20/4/2018 15:29,16880,3.463,0.055,6223,3.429,0.057,18991,3.384,0.06,155313,3.402,0.055,42656,3.4,0.056,28901,3.428,0.056,3441,3.374,0.053,636,3.34,0.058
,,129_SPL_S094,129_SPL_S094.d,Sample,20/4/2018 15:39,14465,3.463,0.055,5946,3.429,0.056,20423,3.384,0.061,164030,3.402,0.055,46087,3.4,0.056,27753,3.436,0.056,3350,3.374,0.058,665,3.34,0.064
,,130_SPL_S095,130_SPL_S095.d,Sample,20/4/2018 15:55,5165,3.471,0.052,3243,3.445,0.055,31232,3.393,0.058,190033,3.41,0.055,41760,3.416,0.056,21845,3.444,0.056,4584,3.382,0.055,1649,3.356,0.058
,,131_SPL_S096,131_SPL_S096.d,Sample,20/4/2018 16:05,6631,3.463,0.055,5688,3.429,0.056,29427,3.376,0.06,259334,3.394,0.056,42821,3.4,0.056,27629,3.428,0.056,5468,3.366,0.057,1321,3.34,0.141
,,132_BQC_PQC14,132_BQC_PQC14.d,BQC,20/4/2018 16:15,6508,3.463,0.054,5123,3.429,0.056,18810,3.384,0.059,149953,3.402,0.055,41368,3.4,0.056,23210,3.436,0.056,3251,3.374,0.058,787,3.34,0.044
,,133_TQC_TQC08,133_TQC_TQC08.d,TQC,20/4/2018 16:25,6650,3.463,0.056,5291,3.429,0.056,20354,3.384,0.06,168196,3.402,0.055,49866,3.4,0.056,25833,3.436,0.056,3973,3.374,0.058,1041,3.348,0.06
,,134_SPL_S097,134_SPL_S097.d,Sample,20/4/2018 16:36,5376,3.463,0.055,3770,3.437,0.056,16596,3.384,0.06,139693,3.402,0.055,46013,3.408,0.056,19403,3.436,0.055,3012,3.374,0.055,824,3.348,0.054
,,135_SPL_S098,135_SPL_S098.d,Sample,20/4/2018 16:46,3945,3.463,0.056,3032,3.429,0.058,15831,3.384,0.06,130859,3.402,0.055,43222,3.4,0.055,17694,3.436,0.056,2464,3.374,0.06,564,3.34,0.111
!,!,136_SPL_S099,136_SPL_S099.d,Sample,20/4/2018 16:56,4824,3.463,0.054,3950,3.437,0.057,15249,3.384,0.06,142346,3.402,0.055,43818,3.4,0.056,20561,3.436,0.056,3219,3.374,0.057,1120,3.34,0.063
,,137_SPL_S100,137_SPL_S100.d,Sample,20/4/2018 17:06,9989,3.463,0.056,7705,3.429,0.056,24653,3.384,0.061,220522,3.402,0.055,43887,3.4,0.056,30910,3.436,0.056,4362,3.374,0.057,1128,3.34,0.06
,,138_SPL_S101,138_SPL_S101.d,Sample,20/4/2018 17:17,8263,3.463,0.055,7770,3.429,0.055,23047,3.384,0.061,221248,3.402,0.055,39743,3.4,0.056,28302,3.436,0.056,4934,3.374,0.058,1099,3.348,0.061
,,139_SPL_S102,139_SPL_S102.d,Sample,20/4/2018 17:27,7108,3.463,0.055,3697,3.429,0.056,9330,3.384,0.06,67986,3.402,0.055,41265,3.4,0.056,17670,3.436,0.056,1358,3.366,0.053,465,3.331,0.072
,,140_SPL_S103,140_SPL_S103.d,Sample,20/4/2018 17:37,5075,3.463,0.054,3102,3.429,0.056,12865,3.384,0.059,118557,3.402,0.055,45825,3.4,0.056,19674,3.436,0.056,2288,3.374,0.058,472,3.34,0.108
,,141_SPL_S104,141_SPL_S104.d,Sample,20/4/2018 17:47,8635,3.463,0.055,4589,3.429,0.057,19518,3.384,0.059,169805,3.402,0.055,43670,3.4,0.055,24601,3.436,0.056,3278,3.374,0.054,586,3.34,0.06
,,142_BQC_PQC15,142_BQC_PQC15.d,BQC,20/4/2018 17:58,7041,3.463,0.054,4807,3.429,0.057,19498,3.384,0.06,155102,3.402,0.055,42492,3.4,0.056,24466,3.436,0.056,3359,3.374,0.059,726,3.348,0.055
!,!,143_SPL_S105,143_SPL_S105.d,Sample,20/4/2018 18:08,6828,3.463,0.057,3874,3.429,0.057,8859,3.384,0.059,99927,3.402,0.055,42546,3.4,0.055,27051,3.436,0.056,1614,3.374,0.056,215,3.348,0.149
,,144_SPL_S106,144_SPL_S106.d,Sample,20/4/2018 18:18,5733,3.463,0.054,6006,3.429,0.056,12615,3.384,0.061,104043,3.402,0.055,39210,3.4,0.056,18691,3.428,0.056,2648,3.374,0.058,770,3.34,0.061
,,145_SPL_S107,145_SPL_S107.d,Sample,20/4/2018 18:29,6520,3.463,0.055,4929,3.429,0.056,19824,3.384,0.06,167261,3.402,0.055,41551,3.4,0.056,23815,3.436,0.056,3901,3.374,0.059,763,3.348,0.057
!,!,146_SPL_S108,146_SPL_S108.d,Sample,20/4/2018 18:39,4083,3.463,0.055,4045,3.429,0.057,21510,3.384,0.061,184549,3.402,0.055,45303,3.4,0.056,19944,3.428,0.056,3547,3.374,0.058,935,3.34,0.062
,,147_SPL_S109,147_SPL_S109.d,Sample,20/4/2018 18:49,16795,3.463,0.055,8908,3.429,0.056,17632,3.384,0.062,156344,3.402,0.055,40294,3.4,0.056,26347,3.428,0.055,4263,3.374,0.057,718,3.34,0.108
,,148_BQC_PQC16,148_BQC_PQC16.d,BQC,20/4/2018 18:59,6218,3.463,0.054,5055,3.429,0.057,18901,3.384,0.059,146989,3.402,0.055,42249,3.4,0.056,21968,3.436,0.055,3302,3.374,0.057,807,3.348,0.039
,,149_BQC_PQC17,149_BQC_PQC17.d,BQC,20/4/2018 19:10,6517,3.463,0.055,4572,3.437,0.057,18308,3.384,0.059,154805,3.402,0.055,39819,3.4,0.056,23003,3.436,0.056,3456,3.374,0.057,1185,3.34,0.059
,,150_TQC_TQC09,150_TQC_TQC09.d,TQC,20/4/2018 19:20,7058,3.463,0.058,5621,3.429,0.056,19009,3.384,0.06,167925,3.402,0.055,48985,3.4,0.056,27235,3.436,0.056,3645,3.374,0.057,1018,3.34,0.051
!,!,151_TQC_TQC10,151_TQC_TQC10.d,TQC,20/4/2018 19:30,7538,3.463,0.056,5093,3.437,0.057,19876,3.384,0.06,163554,3.402,0.056,46831,3.4,0.056,26632,3.436,0.056,3416,3.374,0.057,1063,3.34,0.051
,,152_LTR_LTR02,152_LTR_LTR02.d,LTR,20/4/2018 19:40,13290,3.463,0.056,2914,3.429,0.056,10953,3.384,0.059,99127,3.402,0.055,60477,3.4,0.056,30539,3.436,0.056,2062,3.374,0.06,112,3.331,0.057
!,!,153_NIST_NIST02,153_NIST_NIST02.d,NIST,20/4/2018 19:51,10792,3.463,0.055,2373,3.437,0.057,12246,3.384,0.058,77236,3.402,0.055,45847,3.4,0.056,23823,3.436,0.056,1584,3.374,0.06,253,3.34,0.044
!,!,154_EBLK_Extracted Blank+ISTD02,154_EBLK_Extracted Blank+ISTD02.d,BlankExIS,20/4/2018 20:01,26,3.496,0.083,42,3.454,0.057,185,3.277,0.072,22,3.485,0.034,50356,3.4,0.055,,,,3,3.341,0.013,10,3.356,0.066
,,155_EQC_TQC_B prerun01,155_EQC_TQC_B prerun01.d,Sample,20/4/2018 20:11,8788,3.463,0.055,4603,3.437,0.056,11683,3.384,0.06,88776,3.402,0.055,46301,3.4,0.056,16344,3.436,0.056,2802,3.357,0.067,694,3.348,0.064
,,156_EQC_TQC_B prerun02,156_EQC_TQC_B prerun02.d,Sample,20/4/2018 20:21,8709,3.463,0.054,4445,3.429,0.057,11959,3.384,0.06,85308,3.402,0.055,45324,3.4,0.056,16562,3.428,0.056,3243,3.357,0.065,566,3.34,0.048
,,157_EQC_TQC_B prerun03,157_EQC_TQC_B prerun03.d,Sample,20/4/2018 20:32,8653,3.463,0.055,4774,3.429,0.057,11908,3.384,0.061,85931,3.402,0.056,45904,3.4,0.056,16387,3.436,0.056,2987,3.357,0.066,596,3.34,0.068
,,158_EQC_TQC_B prerun04,158_EQC_TQC_B prerun04.d,Sample,20/4/2018 20:42,8863,3.463,0.055,5022,3.429,0.057,12185,3.384,0.06,86885,3.402,0.055,45607,3.4,0.056,15766,3.436,0.056,2979,3.357,0.067,574,3.34,0.116
!,!,159_EQC_TQC_B prerun05,159_EQC_TQC_B prerun05.d,Sample,20/4/2018 20:52,8911,3.463,0.055,4517,3.429,0.056,11772,3.384,0.06,90565,3.402,0.055,46289,3.4,0.055,17206,3.428,0.056,3049,3.357,0.068,615,3.34,0.069
,,160_LTR_LTR03,160_LTR_LTR03.d,LTR,20/4/2018 21:02,12692,3.463,0.055,2805,3.429,0.057,11619,3.384,0.058,99550,3.402,0.055,64713,3.4,0.055,35296,3.428,0.056,1921,3.374,0.059,204,3.348,0.057
!,!,161_NIST_NIST03,161_NIST_NIST03.d,NIST,20/4/2018 21:13,9919,3.463,0.055,2331,3.429,0.056,12164,3.384,0.058,74229,3.402,0.056,47625,3.4,0.056,22428,3.436,0.056,1804,3.374,0.058,155,3.348,0.073
,,162_TQC_TQC_B 01,162_TQC_TQC_B 01.d,TQC,20/4/2018 21:23,8181,3.463,0.055,4586,3.429,0.056,11542,3.384,0.06,81692,3.402,0.056,43450,3.4,0.056,16030,3.436,0.056,3049,3.357,0.067,473,3.34,0.116
,,163_TQC_TQC_B 02,163_TQC_TQC_B 02.d,TQC,20/4/2018 21:33,8189,3.463,0.055,4265,3.429,0.056,11113,3.384,0.061,81095,3.402,0.056,42490,3.4,0.056,15665,3.436,0.056,3000,3.357,0.066,560,3.331,0.06
,,164_BQC_PQC_B 01,164_BQC_PQC_B 01.d,BQC,20/4/2018 21:43,8111,3.463,0.055,4542,3.429,0.057,11667,3.384,0.059,87421,3.402,0.056,47589,3.4,0.056,17369,3.436,0.056,3017,3.357,0.067,475,3.34,0.116
,,165_BQC_PQC_B 02,165_BQC_PQC_B 02.d,BQC,20/4/2018 21:54,7851,3.463,0.055,4786,3.429,0.057,11083,3.384,0.061,87215,3.402,0.056,46963,3.4,0.055,16385,3.436,0.056,2786,3.357,0.067,550,3.34,0.071
!,!,166_SPL_S110,166_SPL_S110.d,Sample,20/4/2018 22:04,3475,3.463,0.055,1909,3.437,0.057,4534,3.384,0.062,46652,3.402,0.055,42261,3.4,0.056,14105,3.436,0.056,821,3.366,0.052,267,3.348,0.107
!,!,167_SPL_S111,167_SPL_S111.d,Sample,20/4/2018 22:14,3410,3.463,0.055,1867,3.429,0.059,4956,3.384,0.061,43885,3.402,0.055,46194,3.4,0.055,12800,3.428,0.056,747,3.366,0.061,86,3.34,0.108
!,!,168_SPL_S112,168_SPL_S112.d,Sample,20/4/2018 22:24,3013,3.463,0.056,1998,3.429,0.057,3814,3.384,0.061,34138,3.402,0.055,44786,3.4,0.056,10768,3.436,0.057,732,3.374,0.065,131,3.331,0.061
,,169_SPL_S113,169_SPL_S113.d,Sample,20/4/2018 22:35,3859,3.463,0.055,2504,3.429,0.057,6561,3.384,0.062,55746,3.402,0.055,44007,3.4,0.056,18014,3.436,0.057,1209,3.366,0.062,32,3.24,0.045
,,170_SPL_S114,170_SPL_S114.d,Sample,20/4/2018 22:45,8540,3.463,0.055,4752,3.429,0.057,12604,3.384,0.06,95066,3.402,0.055,46833,3.4,0.056,16879,3.436,0.056,3034,3.366,0.066,702,3.34,0.087
,,171_SPL_S115,171_SPL_S115.d,Sample,20/4/2018 22:55,4417,3.463,0.055,2226,3.437,0.058,5313,3.384,0.063,50028,3.402,0.056,41581,3.4,0.056,20053,3.436,0.056,1129,3.374,0.063,180,3.34,0.108
!,!,172_BQC_PQC_B 03,172_BQC_PQC_B 03.d,BQC,20/4/2018 23:05,4652,3.463,0.055,3143,3.429,0.058,4081,3.384,0.063,38567,3.402,0.056,47253,3.4,0.056,13396,3.436,0.056,878,3.366,0.062,,,
,,173_SPL_S116,173_SPL_S116.d,Sample,20/4/2018 23:16,4079,3.463,0.055,2185,3.429,0.056,4368,3.384,0.061,38914,3.402,0.056,46844,3.4,0.055,16734,3.436,0.056,630,3.366,0.055,260,3.331,0.124
!,!,174_SPL_S117,174_SPL_S117.d,Sample,20/4/2018 23:26,3334,3.463,0.055,2773,3.429,0.057,5349,3.384,0.061,57046,3.402,0.056,44228,3.4,0.055,15026,3.436,0.056,1130,3.366,0.058,233,3.348,0.124
!,!,175_SPL_S118,175_SPL_S118.d,Sample,20/4/2018 23:36,2505,3.463,0.056,2490,3.429,0.057,4135,3.384,0.064,39157,3.402,0.056,41037,3.4,0.055,15849,3.436,0.056,793,3.374,0.061,36,3.24,0.055
,,176_SPL_S119,176_SPL_S119.d,Sample,20/4/2018 23:46,4272,3.463,0.055,2440,3.429,0.056,4821,3.384,0.062,48850,3.402,0.056,43267,3.4,0.056,20061,3.436,0.056,960,3.366,0.059,231,3.34,0.115
,,177_SPL_S120,177_SPL_S120.d,Sample,20/4/2018 23:57,13405,3.463,0.055,6863,3.429,0.056,20236,3.384,0.058,139267,3.402,0.055,43132,3.4,0.056,21456,3.436,0.056,3802,3.366,0.059,994,3.348,0.056
!,!,178_SPL_S121,178_SPL_S121.d,Sample,21/4/2018 0:07,12200,3.463,0.055,7428,3.429,0.056,24670,3.384,0.058,157403,3.402,0.055,47168,3.4,0.055,18881,3.436,0.056,5159,3.357,0.063,864,3.34,0.053
,,179_BQC_PQC_B 04,179_BQC_PQC_B 04.d,BQC,21/4/2018 0:17,8591,3.463,0.055,4497,3.429,0.057,12190,3.384,0.06,88646,3.402,0.055,45521,3.4,0.056,15096,3.436,0.057,3103,3.357,0.065,446,3.34,0.141
,,180_TQC_TQC_B 03,180_TQC_TQC_B 03.d,TQC,21/4/2018 0:28,9023,3.463,0.055,4519,3.429,0.056,12009,3.384,0.059,84441,3.402,0.056,44266,3.4,0.056,15831,3.436,0.056,2854,3.357,0.065,604,3.34,0.124
,,181_SPL_S122,181_SPL_S122.d,Sample,21/4/2018 0:38,7277,3.463,0.056,4973,3.429,0.057,17426,3.376,0.059,115451,3.402,0.055,42786,3.4,0.056,13562,3.436,0.056,3875,3.357,0.065,690,3.34,0.058
,,182_SPL_S123,182_SPL_S123.d,Sample,21/4/2018 0:48,12049,3.463,0.054,6092,3.429,0.056,30895,3.376,0.058,179652,3.402,0.055,42380,3.4,0.056,19168,3.436,0.056,5828,3.366,0.064,1559,3.34,0.059
,,183_SPL_S124,183_SPL_S124.d,Sample,21/4/2018 0:58,18840,3.463,0.055,9582,3.429,0.056,29974,3.384,0.059,179756,3.402,0.055,46035,3.4,0.055,19504,3.436,0.056,5283,3.366,0.063,1626,3.348,0.056
,,184_SPL_S125,184_SPL_S125.d,Sample,21/4/2018 1:09,15865,3.463,0.055,7271,3.429,0.057,21860,3.384,0.059,137503,3.402,0.055,43222,3.4,0.056,20112,3.436,0.056,5520,3.357,0.064,1222,3.34,0.071
,,185_SPL_S126,185_SPL_S126.d,Sample,21/4/2018 1:19,12463,3.463,0.055,6068,3.437,0.056,14366,3.384,0.059,98947,3.402,0.055,44564,3.4,0.055,13853,3.436,0.056,4128,3.357,0.053,777,3.34,0.056
,,186_SPL_S127,186_SPL_S127.d,Sample,21/4/2018 1:29,17875,3.463,0.055,8999,3.429,0.057,24966,3.384,0.06,158499,3.402,0.055,42395,3.4,0.056,20459,3.436,0.056,4945,3.366,0.066,1848,3.34,0.065
,,187_BQC_PQC_B 05,187_BQC_PQC_B 05.d,BQC,21/4/2018 1:39,15829,3.463,0.055,8052,3.429,0.056,16574,3.384,0.06,125842,3.402,0.055,43438,3.4,0.056,16722,3.428,0.056,4317,3.357,0.066,919,3.34,0.059
!,!,188_SPL_S128,188_SPL_S128.d,Sample,21/4/2018 1:50,12178,3.463,0.055,6155,3.429,0.056,16882,3.384,0.059,116692,3.402,0.055,45713,3.4,0.055,15287,3.436,0.057,3621,3.357,0.066,641,3.348,0.046
,,189_SPL_S129,189_SPL_S129.d,Sample,21/4/2018 2:00,8261,3.463,0.055,4618,3.429,0.056,11025,3.384,0.061,91052,3.402,0.055,46634,3.4,0.055,16247,3.436,0.057,2817,3.357,0.059,523,3.34,0.06
,,190_SPL_S130,190_SPL_S130.d,Sample,21/4/2018 2:10,8621,3.463,0.055,4490,3.429,0.056,10550,3.384,0.061,81607,3.402,0.056,42553,3.4,0.056,10491,3.436,0.056,5156,3.349,0.065,455,3.34,0.124
!,!,191_SPL_S131,191_SPL_S131.d,Sample,21/4/2018 2:20,10968,3.463,0.055,5433,3.429,0.057,7134,3.384,0.063,68366,3.402,0.056,39945,3.4,0.056,13228,3.436,0.056,5455,3.349,0.062,274,3.34,0.108
,,192_SPL_S132,192_SPL_S132.d,Sample,21/4/2018 2:31,6483,3.463,0.055,3009,3.429,0.057,5879,3.384,0.061,50947,3.402,0.056,40860,3.4,0.055,7870,3.428,0.055,3381,3.349,0.065,261,3.34,0.108
,,193_SPL_S133,193_SPL_S133.d,Sample,21/4/2018 2:41,13300,3.463,0.055,7317,3.429,0.056,12605,3.384,0.06,101406,3.402,0.055,40098,3.4,0.056,14280,3.436,0.056,4575,3.357,0.064,592,3.34,0.133
,,194_BQC_PQC_B 06,194_BQC_PQC_B 06.d,BQC,21/4/2018 2:51,7784,3.463,0.055,4209,3.429,0.057,11255,3.384,0.06,80699,3.402,0.055,45475,3.4,0.055,14556,3.436,0.056,2952,3.357,0.065,647,3.348,0.072
!,!,195_BQC_PQC_B 07,195_BQC_PQC_B 07.d,BQC,21/4/2018 3:01,8188,3.463,0.055,4523,3.429,0.056,11297,3.376,0.059,79940,3.402,0.056,44685,3.4,0.056,14504,3.428,0.056,2691,3.357,0.067,579,3.34,0.02
,,196_TQC_TQC_B 04,196_TQC_TQC_B 04.d,TQC,21/4/2018 3:12,8248,3.463,0.055,4573,3.429,0.057,11774,3.384,0.06,83630,3.402,0.055,48120,3.4,0.056,15307,3.436,0.056,2888,3.357,0.065,538,3.34,0.069
,,197_TQC_TQC_B 05,197_TQC_TQC_B 05.d,TQC,21/4/2018 3:22,8506,3.463,0.055,4380,3.429,0.057,12014,3.384,0.06,86917,3.402,0.055,46139,3.4,0.056,16219,3.436,0.056,2719,3.357,0.064,525,3.34,0.069
,,198_LTR_LTR04,198_LTR_LTR04.d,LTR,21/4/2018 3:32,13960,3.469,0.052,3165,3.429,0.056,11623,3.384,0.057,94764,3.402,0.055,61047,3.4,0.055,33920,3.436,0.056,1877,3.374,0.053,184,3.34,0.068
,,199_NIST_NIST04,199_NIST_NIST04.d,NIST,21/4/2018 3:42,9852,3.463,0.056,2249,3.429,0.057,12818,3.376,0.057,81662,3.402,0.055,47555,3.4,0.056,24256,3.436,0.057,1733,3.374,0.058,132,3.348,0.056
,,200_TQCd-100_TQC-100percent,200_TQCd-100_TQC-100percent.d,Dilution,21/4/2018 3:53,7242,3.463,0.056,5627,3.429,0.057,20436,3.384,0.06,177375,3.402,0.055,48685,3.4,0.056,26346,3.436,0.056,3694,3.374,0.058,1270,3.348,0.059
,,201_TQCd-80_TQC-80percent,201_TQCd-80_TQC-80percent.d,Dilution,21/4/2018 4:03,6813,3.463,0.054,4218,3.429,0.058,17988,3.384,0.06,147326,3.402,0.055,40683,3.4,0.056,23818,3.436,0.056,3301,3.374,0.057,961,3.34,0.043
,,202_TQCd-60_TQC-60percent,202_TQCd-60_TQC-60percent.d,Dilution,21/4/2018 4:13,4467,3.463,0.055,3075,3.429,0.056,12311,3.384,0.061,97521,3.402,0.055,27855,3.4,0.056,14507,3.436,0.057,1950,3.366,0.057,648,3.34,0.059
!,!,203_TQCd-40_TQC-40percent,203_TQCd-40_TQC-40percent.d,Dilution,21/4/2018 4:23,3582,3.463,0.055,2318,3.429,0.057,9615,3.384,0.062,74612,3.402,0.055,20462,3.4,0.056,10823,3.436,0.057,1624,3.374,0.058,425,3.34,0.116
!,!,204_TQCd-20_TQC-20percent,204_TQCd-20_TQC-20percent.d,Dilution,21/4/2018 4:34,1925,3.463,0.055,1415,3.429,0.058,5750,3.384,0.06,44584,3.402,0.055,12227,3.4,0.057,6293,3.436,0.057,946,3.374,0.056,265,3.348,0.141
,,205_TQCd-0_TQC-0percent,205_TQCd-0_TQC-0percent.d,Dilution,21/4/2018 4:44,79,3.463,0.066,4,3.47,0.012,12,3.417,0.022,5,3.228,0.021,81,3.499,0.042,8,3.444,0.021,9,3.465,0.03,43,3.464,0.04
!,!,206_EBLK_Extracted Blank+ISTD03,206_EBLK_Extracted Blank+ISTD03.d,BlankExIS,21/4/2018 4:54,4,3.496,0.016,35,3.437,0.042,66,3.31,0.047,31,3.394,0.053,55136,3.4,0.055,,,,54,3.382,0.058,63,3.356,0.066
,,207_SOLV_Blank02,207_SOLV_Blank02.d,BlankOutlier,21/4/2018 5:04,9586,3.463,0.055,4929,3.429,0.056,12620,3.384,0.061,100321,3.402,0.055,49964,3.4,0.056,19418,3.436,0.056,3498,3.357,0.066,585,3.348,0.141
